id;region;city;street;house;apartment
1;models CFP Franc Human;Port Marquisemouth;Rosanna Cove;Home Loan Account;30332
2;index navigating Solutions;Binsfurt;Zachary Forks;South Dakota JSON;57606
3;Cambridgeshire Pants;South Jordiview;Rodriguez Burgs;methodical;17366
4;override Chair Credit Card Account;Port Melvinville;Chanel Canyon;Tuna index;84516
5;Ports Designer;South Richiemouth;Stamm Radial;policy;94435
6;circuit hacking;East Kaiahaven;Kovacek Springs;orchid SMTP driver;57088
7;contextually-based;Amanifort;Stacey Spring;National Avon;59756
8;Auto Loan Account program Shoes;Strackehaven;Hoppe Canyon;systemic alarm;22479
9;Neck Bacon withdrawal;Lake Schuyler;Von Shoals;optical;68950
10;Texas;Oberbrunnermouth;Leo Views;Gorgeous;63585
