id;location;adjacent_point;classification;schedule;schedule_of_officals;coordinates
1;Director Virginia;Svalbard & Jan Mayen Islands National;communities matrix index;artificial intelligence Cross-platform;International Designer Fords;Morocco Avon Quetzal
2;Automotive;protocol Investment Account Swiss Franc;Codes specifically reserved for testing purposes;Arizona online back up;Industrial;Ameliorated
3;well-modulated Paradigm indexing;Solutions Russian Ruble Specialist;Fish;integrated Cotton;Orchard;withdrawal
4;Down-sized Cotton;Health Orchestrator;Administrator Practical Steel Pants collaborative;zero administration connect;Paraguay optical Incredible;24/7 Fiji Dollar Rustic
5;Money Market Account;Berkshire;plug-and-play;Chief;Investment Account extensible;Florida Direct cross-media
6;Business-focused Associate Usability;invoice Kuwaiti Dinar;system;blue Distributed;turn-key Practical Rubber Keyboard 24/7;secured line Cross-platform
7;communities Tunnel Malagasy Ariary;Arizona Analyst Architect;withdrawal Plastic;Handmade Implemented Forks;flexibility Electronics;Cameroon Generic grow
8;Hawaii deploy;invoice tan Interactions;Beauty;discrete architecture;protocol Handmade Frozen Computer;Associate panel
9;Small project;Refined Metal Keyboard Refined Nevada;interfaces Intelligent Granite Towels;experiences SQL;parse;Handmade
10;Intelligent Cotton Computer Investment Account Mobility;Soft Dynamic Checking Account;implementation Congolese Franc;Syrian Pound Planner;deposit;Small
