id;issued_at;link;document_number
1;2020-05-30T06:14:31;ADP Tanzanian Shilling;Avon 24/7
2;2020-05-29T19:33:07;Mountain;viral hacking parse
3;2020-05-30T04:45:37;wireless navigate Maine;Chicken Automotive azure
4;2020-05-30T02:56:39;optical Chicken Intelligent Cotton Car;hack
5;2020-05-30T00:23:03;program black;Rustic Surinam Dollar
6;2020-05-29T20:42:52;white;invoice
7;2020-05-29T20:25:14;Cambridgeshire;Buckinghamshire Berkshire
8;2020-05-30T02:58:02;Operations Money Market Account;copy
9;2020-05-29T18:03:22;Handmade;envisioneer
10;2020-05-30T16:47:17;Metal;24/7 Steel Personal Loan Account
